timestamp,latitude,longitude,altitude
1544831650,27.30501,-82.51582,30
1544831662,27.30668,-82.53055,30
1544831675,27.31057,-82.54777,30
1544831687,27.31418,-82.56388,30
1544831700,27.31779,-82.57971,30
1544831712,27.3214,-82.59582,30
1544831725,27.32473,-82.6111,30
1544831737,27.32834,-82.62777,30
1544831749,27.33195,-82.6436,34
1544831774,27.35168,-82.68943,50
1544831787,27.3639,-82.7011,59
1544831799,27.37723,-82.71277,66
1544831812,27.38918,-82.72388,73
1544831824,27.40168,-82.73499,80
1544831837,27.41418,-82.74638,85
1544831849,27.4264,-82.75721,90
1544831861,27.43973,-82.76888,96
1544831874,27.45279,-82.77999,101
1544831886,27.46834,-82.7886,105
1544831899,27.48668,-82.79332,107
1544831911,27.50668,-82.79277,109
1544831924,27.52862,-82.79193,111
1544831936,27.55029,-82.79082,112
1544831948,27.57251,-82.78999,116
1544831961,27.59501,-82.78916,123
1544831973,27.61779,-82.7886,127
1544831986,27.64001,-82.78888,131
1544831998,27.66251,-82.78888,135
1544832011,27.68779,-82.78888,141
1544832023,27.7114,-82.78888,145
1544832035,27.73529,-82.78888,150
1544832048,27.7589,-82.7886,155
1544832060,27.78195,-82.7886,159
1544832073,27.80584,-82.78832,164
1544832085,27.83029,-82.78832,167
1544832098,27.85445,-82.78805,170
1544832110,27.88029,-82.78805,174
1544832123,27.90418,-82.78777,177
1544832135,27.93084,-82.78749,181
1544832147,27.98168,-82.78721,189
1544832160,28.00723,-82.78721,194
1544832172,28.03279,-82.78693,198
1544832185,28.05779,-82.78693,200
1544832197,28.08307,-82.78666,200
1544832210,28.11084,-82.78638,200
1544832222,28.13584,-82.78638,200
1544832234,28.16057,-82.78638,200
1544832247,28.1864,-82.7861,201
1544832259,28.2139,-82.7861,209
1544832272,28.23862,-82.78582,218
1544832284,28.26279,-82.78555,227
1544832297,28.28584,-82.78527,233
1544832309,28.3089,-82.78527,235
1544832322,28.33251,-82.78499,238
1544832334,28.35612,-82.78499,241
1544832346,28.38001,-82.78555,244
1544832359,28.40445,-82.7886,246
1544832371,28.42723,-82.79277,249
1544832384,28.4539,-82.79971,252
1544832396,28.47862,-82.80832,255
1544832409,28.49945,-82.81555,257
1544832421,28.52362,-82.8236,260
1544832433,28.54668,-82.83138,260
1544832446,28.56945,-82.83943,260
1544832458,28.59307,-82.84749,260
1544832471,28.61668,-82.85555,260
1544832483,28.64279,-82.8636,260
1544832496,28.6664,-82.86916,260
1544832508,28.69029,-82.87332,260
1544832521,28.71751,-82.8761,260
1544832533,28.74362,-82.8786,260
1544832545,28.76973,-82.88166,260
1544832558,28.8239,-82.88749,262
1544832570,28.85057,-82.89055,262
1544832583,28.87751,-82.89332,265
1544832595,28.90501,-82.89638,267
1544832608,28.93334,-82.89916,268
1544832620,28.96001,-82.90193,271
1544832632,28.98834,-82.90471,273
1544832645,29.01584,-82.90749,276
1544832657,29.04612,-82.91082,278
1544832670,29.07445,-82.91388,281
1544832682,29.10001,-82.91638,282
1544832695,29.13001,-82.91971,284
1544832707,29.1589,-82.92249,286
1544832719,29.1864,-82.92749,291
1544832732,29.21251,-82.93527,297
1544832744,29.23473,-82.94443,299
1544832757,29.2589,-82.95721,301
1544832769,29.2814,-82.97249,302
1544832782,29.30307,-82.98832,303
1544832794,29.32529,-83.00416,304
1544832807,29.34723,-83.02027,306
1544832819,29.36918,-83.0361,307
1544832831,29.39112,-83.05193,309
1544832844,29.41334,-83.0686,309
1544832856,29.43557,-83.08471,311
1544832869,29.4614,-83.10332,312
1544832881,29.4889,-83.12332,313
1544832894,29.50445,-83.13471,314
1544832906,29.52668,-83.15082,315
1544832918,29.55001,-83.16805,317
1544832931,29.59529,-83.2011,320
1544832943,29.61807,-83.21749,326
1544832956,29.64112,-83.23443,330
1544832968,29.66251,-83.24999,331
1544832981,29.68445,-83.26638,334
1544832993,29.70668,-83.28277,338
1544833006,29.72834,-83.2986,340
1544833018,29.75029,-83.31471,343
1544833030,29.77223,-83.33082,345
1544833043,29.79362,-83.34666,348
1544833055,29.81529,-83.36277,350
1544833068,29.83723,-83.37888,351
1544833082,29.86279,-83.39888,354
1544833095,29.8839,-83.41416,356
1544833107,29.90584,-83.42832,358
1544833120,29.92779,-83.44332,360
1544833132,29.94945,-83.45888,360
1544833145,29.97084,-83.47527,360
1544833157,29.99223,-83.49166,360
1544833170,30.01334,-83.50805,360
1544833182,30.03501,-83.52249,360
1544833194,30.0564,-83.53777,360
1544833207,30.07807,-83.55305,360
1544833219,30.09973,-83.56916,360
1544833232,30.12029,-83.5861,360
1544833244,30.14168,-83.60249,360
1544833257,30.16307,-83.61888,360
1544833269,30.18501,-83.63527,360
1544833281,30.20612,-83.65221,360
1544833294,30.22751,-83.66805,360
1544833306,30.24973,-83.68416,360
1544833319,30.27112,-83.70082,360
1544833331,30.29307,-83.71666,360
1544833344,30.31529,-83.73193,360
1544833356,30.35973,-83.76416,360
1544833369,30.3814,-83.78027,360
1544833381,30.40418,-83.79749,360
1544833393,30.42612,-83.81443,360
1544833406,30.44807,-83.83166,360
1544833418,30.47112,-83.84721,360
1544833431,30.49334,-83.86332,360
1544833443,30.51612,-83.88055,360
1544833456,30.53862,-83.89721,360
1544833468,30.56001,-83.91443,360
1544833480,30.58223,-83.9311,360
1544833493,30.60501,-83.94749,360
1544833505,30.62723,-83.96527,360
1544833518,30.64918,-83.98277,360
1544833530,30.68529,-84.00943,360
1544833543,30.69695,-84.01832,360
1544833555,30.71918,-84.03499,360
1544833567,30.74557,-84.05471,360
1544833592,30.78723,-84.0861,360
1544833605,30.81112,-84.10388,360
1544833617,30.83334,-84.12082,360
1544833630,30.85612,-84.13805,360
1544833642,30.87695,-84.15388,360
1544833655,30.90084,-84.17193,360
1544833667,30.92362,-84.18916,360
1544833679,30.94612,-84.20638,360
1544833692,30.97057,-84.22471,358
1544833704,30.99168,-84.24082,356
1544833717,31.01612,-84.25943,354
1544833729,31.0614,-84.2936,350
1544833742,31.08418,-84.31082,348
1544833754,31.10695,-84.32832,346
1544833767,31.13029,-84.34638,344
1544833779,31.15279,-84.36332,342
1544833791,31.17695,-84.38193,340
1544833804,31.20001,-84.39916,340
1544833816,31.22334,-84.41693,340
1544833829,31.24501,-84.4336,340
1544833841,31.26973,-84.45221,340
1544833854,31.29195,-84.46916,340
1544833866,31.31501,-84.48666,340
1544833878,31.33779,-84.50416,340
1544833891,31.36057,-84.52166,340
1544833903,31.38501,-84.53999,340
1544833916,31.40862,-84.55832,340
1544833928,31.43112,-84.57555,340
1544833941,31.45418,-84.59332,340
1544833953,31.47834,-84.60971,340
1544833966,31.50557,-84.62582,340
1544833978,31.53195,-84.63916,340
1544833990,31.55779,-84.65193,340
1544834003,31.58362,-84.66499,340
1544834015,31.61029,-84.67805,340
1544834028,31.63445,-84.69027,340
1544834042,31.66168,-84.70388,340
1544834054,31.68779,-84.71693,340
1544834066,31.71584,-84.7311,340
1544834079,31.74195,-84.74388,340
1544834091,31.79501,-84.77055,340
1544834104,31.82029,-84.78332,340
1544834116,31.84723,-84.79666,340
1544834129,31.87362,-84.80999,339
1544834141,31.89973,-84.82305,335
1544834154,31.92695,-84.83693,330
1544834166,31.95473,-84.85055,323
1544834178,31.98084,-84.86332,317
1544834191,32.00779,-84.87582,314
1544834203,32.03418,-84.88777,311
1544834216,32.06057,-84.89999,308
1544834228,32.08557,-84.91138,305
1544834241,32.10973,-84.92221,304
1544834253,32.13557,-84.93416,302
1544834265,32.15779,-84.94471,297
1544834278,32.18168,-84.95582,293
1544834290,32.2064,-84.96777,290
1544834303,32.22807,-84.9786,286
1544834315,32.25223,-84.99027,282
1544834328,32.2739,-85.00221,278
1544834340,32.29362,-85.02055,274
1544834353,32.31029,-85.03721,270
1544834365,32.32695,-85.0536,266
1544834377,32.34334,-85.07027,262
1544834390,32.36112,-85.08777,258
1544834403,32.37723,-85.10416,255
1544834415,32.39168,-85.11971,253
1544834428,32.40668,-85.13555,248
1544834440,32.42112,-85.15166,244
1544834453,32.43584,-85.16888,238
1544834462.247,32.46438,-85.20024,229
1544834467.503,32.47094,-85.20751,227
1544834475.165,32.48121,-85.2174,225
1544834480.281,32.48955,-85.2216,223
1544834485.028,32.4975,-85.22518,221
1544834494.07,32.51307,-85.23088,218
1544834498.965,32.52167,-85.23346,216
1544834502.901,32.52877,-85.23519,214
1544834511.205,32.54344,-85.23757,212
1544834520.888,32.56144,-85.23905,210
1544834528.725,32.57605,-85.23943,207
1544834534.17,32.58551,-85.23987,206
1544834538.364,32.59301,-85.24013,205
1544834542.65,32.60078,-85.2404,204
1544834546.846,32.60834,-85.24075,203
1544834554.695,32.6223,-85.24136,201
1544834559.422,32.63078,-85.24179,200
1544834562.815,32.63652,-85.24205,199
1544834568.411,32.64656,-85.24249,197
1544834576.539,32.66078,-85.24318,196
1544834581.445,32.66919,-85.2436,196
1544834585.631,32.67643,-85.24403,195
1544834593.66,32.68993,-85.24495,193
1544834598.667,32.69828,-85.24545,191
1544834603.616,32.70657,-85.24603,190
1544834611.64,32.72,-85.24687,188
1544834616.088,32.72737,-85.24738,187
1544834620.333,32.73435,-85.24772,185
1544834629.271,32.74928,-85.24849,182
1544834634.221,32.75757,-85.24884,181
1544834641.385,32.76944,-85.24945,178
1544834646.29,32.77772,-85.24972,176
1544834655.229,32.79272,-85.24995,174
1544834659.521,32.79997,-85.24968,173
1544834663.61,32.80682,-85.24848,172
1544834667.855,32.81394,-85.24728,171
1544834675.195,32.82607,-85.24564,169
1544834680.181,32.8343,-85.24468,168
1544834688.866,32.84859,-85.24306,166
1544834697.804,32.86308,-85.24143,164
1544834701.902,32.86973,-85.24069,163
1544834705.944,32.87626,-85.23995,162
1544834713.974,32.88918,-85.23839,160
1544834722.005,32.90204,-85.23668,157
1544834727.003,32.91,-85.23556,156
1544834731.958,32.91777,-85.23459,155
1544834736.046,32.92423,-85.23377,155
1544834745.639,32.93917,-85.23207,153
1544834749.731,32.94544,-85.23141,152
1544834757.435,32.95744,-85.23007,150
1544834761.625,32.96332,-85.22933,150
1544834766.654,32.97082,-85.22844,148
1544834770.644,32.97676,-85.22769,148
1544834779.633,32.98988,-85.22582,146
1544834784.589,32.99693,-85.22423,144
1544834792.921,33.00804,-85.21902,141
1544834800.455,33.01758,-85.21342,138
1544834809.534,33.0287,-85.20495,133
1544834814.231,33.03406,-85.20002,132
1544834822.372,33.04251,-85.19022,128
1544834827.118,33.0469,-85.18389,126
1544834834.365,33.05293,-85.17393,122
1544834839.225,33.057,-85.16705,120
1544834844.292,33.06139,-85.15987,118
1544834853.534,33.06945,-85.14712,116
1544834858.181,33.07351,-85.14078,114
1544834862.326,33.07712,-85.13522,113
1544834869.875,33.08399,-85.12478,112
1544834874.953,33.08812,-85.11844,112
1544834877.965,33.09087,-85.11427,111
1544834883.033,33.09513,-85.10778,111
1544834887.99,33.09945,-85.1012,110
1544834892.985,33.10371,-85.09455,110
1544834900.969,33.11045,-85.08388,109
1544834905.054,33.11392,-85.07831,109
1544834909.911,33.11792,-85.07174,109
1544834914.048,33.12138,-85.06617,109
1544834921.425,33.12734,-85.05634,109
1544834926.677,33.13186,-85.04891,108
1544834934.909,33.1388,-85.03753,105
1544834939.765,33.14292,-85.0308,104
1544834944.512,33.14698,-85.02414,103
1544834948.707,33.15051,-85.01834,102
1544834953.453,33.15457,-85.0116,101
1544834961.584,33.16137,-85.0003,100
1544834969.645,33.16798,-84.98938,98
1544834974.773,33.17229,-84.98233,97
1544834979.818,33.17648,-84.97536,96
1544834988.656,33.18374,-84.96358,94
1544834996.745,33.1904,-84.95289,92
1544835001.192,33.194,-84.947,91
1544835005.378,33.1974,-84.94142,89
1544835012.936,33.20387,-84.9308,87
1544835022.3,33.21099,-84.91909,85
1544835026.396,33.21432,-84.91374,84
1544835035.338,33.22164,-84.90196,82
1544835040.285,33.22562,-84.89552,81
1544835044.582,33.22922,-84.88986,80
1544835048.62,33.23261,-84.88451,80
1544835057.063,33.24045,-84.87458,80
1544835061.2,33.24489,-84.87078,80
1544835068.386,33.25285,-84.86357,80
1544835077.974,33.26244,-84.85659,78
1544835082.824,33.26812,-84.85388,77
1544835090.957,33.27816,-84.85218,76
1544835097.878,33.28658,-84.85265,75
1544835100.104,33.28919,-84.85289,75
1544835109.242,33.30014,-84.85367,73
1544835118.037,33.31065,-84.85438,70
1544835122.077,33.31547,-84.85469,69
1544835129.866,33.32454,-84.85532,67
1544835138.496,33.33569,-84.85626,64
1544835143.6,33.34163,-84.85681,63
1544835147.635,33.34658,-84.85736,62
1544835151.683,33.35154,-84.85791,60
1544835158.896,33.36008,-84.85892,58
1544835168.649,33.37261,-84.86041,56
1544835172.899,33.37802,-84.86112,55
1544835176.989,33.38317,-84.86182,54
1544835181.285,33.38859,-84.86252,53
1544835188.616,33.39785,-84.86362,51
1544835192.746,33.403,-84.86417,50
1544835198.309,33.41017,-84.86495,49
1544835206.126,33.42022,-84.8659,47
1544835211.188,33.42635,-84.86645,46
1544835219.318,33.43652,-84.86739,44
1544835224.164,33.44252,-84.86794,43
1544835228.463,33.44781,-84.86841,43
1544835233.365,33.45394,-84.86904,42
1544835237.603,33.45916,-84.86951,41
1544835242.302,33.46489,-84.87014,40
1544835249.586,33.47363,-84.87108,40
1544835255.129,33.48055,-84.87187,40
1544835259.987,33.48635,-84.87257,40
1544835264.173,33.49131,-84.87312,40
1544835270.556,33.50037,-84.8743,40
1544835276.959,33.50592,-84.87508,40
1544835281.098,33.51022,-84.87571,40
1544835286,33.51518,-84.87634,40
1544835293.196,33.52326,-84.87744,40
1544835302.466,33.53174,-84.87854,40
1544835307.469,33.53683,-84.87924,40
1544835311.705,33.54113,-84.87979,40
1544835319.945,33.54935,-84.88089,40
1544835325.745,33.55516,-84.88168,40
1544835329.534,33.55894,-84.88215,40
1544835333.734,33.56305,-84.88278,40
1544835338.532,33.56781,-84.8834,40
1544835345.946,33.57544,-84.8845,40
1544835351.006,33.5802,-84.88505,40
1544835355.141,33.58431,-84.88537,40
1544835363.378,33.59207,-84.88234,40
1544835367.824,33.59573,-84.87962,40
1544835372.673,33.59912,-84.87603,40
1544835380.904,33.6033,-84.86887,40
1544835385.252,33.60513,-84.86489,40
1544835389.397,33.60683,-84.86115,40
1544835396.826,33.61035,-84.85399,40
1544835406.361,33.61414,-84.84596,40
1544835410.457,33.61544,-84.84222,40
1544835413.686,33.61616,-84.83856,40
1544835423.334,33.61669,-84.83045,39
1544835427.478,33.61715,-84.82679,38
1544835435.816,33.61832,-84.81938,36
1544835440.055,33.61898,-84.81564,35
1544835444.246,33.6195,-84.8119,34
1544835448.291,33.61989,-84.80839,33
1544835456.974,33.62035,-84.80098,32
1544835461.169,33.62048,-84.79747,31
1544835465.965,33.62048,-84.79358,30
1544835470.971,33.62041,-84.78952,30
1544835475.004,33.62028,-84.7864,30
1544835479.911,33.62015,-84.78266,30
1544835487.256,33.61996,-84.77728,30
1544835492.128,33.61983,-84.77354,30
1544835496.174,33.61976,-84.7705,30
1544835505.164,33.61969,-84.7638,30
1544835513.595,33.61963,-84.75748,30
1544835517.741,33.61956,-84.75436,30
1544835521.928,33.61956,-84.75124,30
1544835530.686,33.61962,-84.74438,30
1544835535.724,33.61969,-84.74056,30
1544835538.946,33.61969,-84.73823,30
1544835543.896,33.61975,-84.73448,30
1544835551.936,33.61975,-84.72825,30
1544835556.886,33.61975,-84.72419,30
1544835561.023,33.61974,-84.721,30
1544835565.175,33.61974,-84.71772,30
1544835572.746,33.61981,-84.71195,30
1544835577.691,33.6198,-84.70798,30
1544835581.546,33.6198,-84.70502,30
1544835586.789,33.61986,-84.70096,30
1544835590.982,33.6198,-84.69769,30
1544835595.731,33.61979,-84.69402,30
1544835599.922,33.61986,-84.69075,30
1544835607.356,33.61992,-84.68475,30
1544835611.996,33.61991,-84.68155,30
1544835616.116,33.61998,-84.67835,30
1544835621.584,33.62004,-84.67399,30
1544835630.426,33.62003,-84.66721,30
1544835634.516,33.62009,-84.66409,30
1544835638.511,33.62009,-84.66105,30
1544835646.186,33.62015,-84.6552,30
1544835655.225,33.62014,-84.64826,30
1544835660.031,33.62014,-84.6446,30
1544835664.118,33.62007,-84.64148,30
1544835671.986,33.62,-84.63548,30
1544835677.144,33.61999,-84.63158,30
1544835681.216,33.61999,-84.62862,30
1544835694,33.61979,-84.62172,30.88
1544835695,33.61983,-84.62089,30.88
1544835696,33.61987,-84.62007,30.88
1544835697,33.61991,-84.61924,30.88
1544835698,33.61995,-84.61842,30.88
1544835699,33.61949,-84.61787,30.88
1544835700,33.61947,-84.61708,30.88
1544835701,33.61946,-84.61628,30.88
1544835702,33.61944,-84.61549,30.88
1544835703,33.61938,-84.61461,30.88
1544835704,33.61936,-84.6138,30.88
1544835705,33.61934,-84.613,30.88
1544835706,33.61933,-84.61219,30.88
1544835707,33.61931,-84.61139,30.88
1544835708,33.61947,-84.6108,30.88
1544835709,33.61946,-84.61003,30.88
1544835710,33.61946,-84.60925,30.88
1544835711,33.61945,-84.60848,30.88
1544835712,33.61965,-84.60779,30.88
1544835713,33.61966,-84.60703,30.88
1544835714,33.61968,-84.60627,30.88
1544835715,33.6197,-84.60551,30.88
1544835716,33.61971,-84.60475,30.88
1544835717,33.61991,-84.60379,30.88
1544835718,33.61995,-84.603,30.88
1544835719,33.61999,-84.60222,30.88
1544835720,33.62003,-84.60144,30.88
1544835721,33.62007,-84.60065,30.88
1544835722,33.61977,-84.59989,30.88
1544835723,33.61978,-84.59911,30.88
1544835724,33.61979,-84.59833,30.88
1544835725,33.6198,-84.59755,30.88
1544835726,33.61973,-84.59684,30.88
1544835727,33.61974,-84.59607,30.88
1544835728,33.61974,-84.5953,30.88
1544835729,33.61975,-84.59452,30.88
1544835730,33.61975,-84.59375,30.88
1544835731,33.6198,-84.59306,30.88
1544835732,33.6198,-84.59229,30.88
1544835733,33.61981,-84.59152,30.88
1544835734,33.61982,-84.59075,30.88
1544835735,33.61982,-84.58999,30.88
1544835736,33.61985,-84.58907,30.88
1544835737,33.61985,-84.58829,30.88
1544835738,33.61986,-84.58751,30.88
1544835739,33.61987,-84.58673,30.88
1544835740,33.61996,-84.58599,30.88
1544835741,33.61997,-84.58521,30.88
1544835742,33.61998,-84.58444,30.88
1544835743,33.61999,-84.58366,30.88
1544835744,33.62,-84.58288,30.88
1544835745,33.61995,-84.58193,30.88
1544835746,33.61996,-84.58113,30.88
1544835747,33.61997,-84.58034,30.88
1544835748,33.61998,-84.57955,30.88
1544835749,33.61994,-84.57885,30.88
1544835750,33.61994,-84.57807,30.88
1544835751,33.61995,-84.57728,30.88
1544835752,33.61995,-84.5765,30.88
1544835753,33.61996,-84.57572,30.88
1544835754,33.61995,-84.5748,30.88
1544835755,33.61995,-84.57401,30.88
1544835756,33.61996,-84.57321,30.88
1544835757,33.61996,-84.57242,30.88
1544835758,33.61997,-84.57163,30.88
1544835759,33.61987,-84.57087,30.88
1544835760,33.61987,-84.57008,30.88
1544835761,33.61987,-84.56929,30.88
1544835762,33.61987,-84.5685,30.88
1544835763,33.61985,-84.56759,30.25
1544835764,33.61985,-84.56679,30.19
1544835765,33.61985,-84.56598,30.13
1544835766,33.61985,-84.56518,30.06
1544835767,33.61984,-84.56438,30
1544835768,33.61988,-84.56346,29.19
1544835769,33.61988,-84.56265,29
1544835770,33.61988,-84.56183,28.88
1544835771,33.61988,-84.56102,28.75
1544835772,33.61988,-84.56021,28.63
1544835773,33.61993,-84.55954,28.56
1544835774,33.61993,-84.55874,28.44
1544835775,33.61993,-84.55794,28.25
1544835776,33.61993,-84.55714,28.13
1544835777,33.61991,-84.55652,27.81
1544835778,33.61991,-84.55573,27.63
1544835779,33.61991,-84.55495,27.44
1544835780,33.61991,-84.55416,27.25
1544835781,33.61991,-84.55338,27.06
1544835782,33.61995,-84.55254,27.38
1544835783,33.61996,-84.55175,27.25
1544835784,33.61996,-84.55096,27.06
1544835785,33.61996,-84.55017,26.88
1544835786,33.62003,-84.54946,26.75
1544835787,33.62003,-84.54867,26.63
1544835788,33.62004,-84.54789,26.44
1544835789,33.62005,-84.5471,26.25
1544835790,33.62005,-84.54632,26.13
1544835791,33.61997,-84.54563,26.44
1544835792,33.61997,-84.54485,26.31
1544835793,33.61997,-84.54407,26.19
1544835794,33.61997,-84.5433,26.06
1544835795,33.61997,-84.54252,25.94
1544835796,33.61997,-84.54205,25.75
1544835797,33.61998,-84.5413,25.63
1544835798,33.61998,-84.54055,25.5
1544835799,33.61998,-84.5398,25.38
1544835800,33.62005,-84.53919,25.56
1544835801,33.62005,-84.53845,25.5
1544835802,33.62006,-84.5377,25.38
1544835803,33.62006,-84.53696,25.31
1544835804,33.62007,-84.53622,25.19
1544835805,33.61995,-84.53543,24.88
1544835806,33.61994,-84.53469,24.75
1544835807,33.61994,-84.53395,24.69
1544835808,33.61994,-84.5332,24.56
1544835809,33.61995,-84.5326,24.69
1544835810,33.61995,-84.53186,24.63
1544835811,33.61995,-84.53113,24.56
1544835812,33.61995,-84.5304,24.44
1544835813,33.61995,-84.52966,24.38
1544835814,33.61991,-84.52891,24
1544835815,33.61991,-84.52817,23.88
1544835816,33.6199,-84.52744,23.75
1544835817,33.6199,-84.5267,23.63
1544835818,33.61989,-84.52597,23.56
1544835819,33.62,-84.52515,23.63
1544835820,33.62,-84.52441,23.56
1544835821,33.62,-84.52367,23.5
1544835822,33.62,-84.52293,23.38
1544835823,33.61995,-84.52212,23
1544835824,33.61995,-84.52137,22.88
1544835825,33.61995,-84.52063,22.81
1544835826,33.61995,-84.51988,22.69
1544835827,33.61995,-84.51914,22.56
1544835828,33.61999,-84.51832,22.69
1544835829,33.61999,-84.51757,22.56
1544835830,33.61999,-84.51681,22.5
1544835831,33.62,-84.51606,22.44
1544835832,33.61995,-84.51525,22
1544835833,33.61995,-84.51449,21.94
1544835834,33.61995,-84.51374,21.81
1544835835,33.61995,-84.51298,21.69
1544835836,33.61995,-84.51222,21.56
1544835837,33.61993,-84.51163,21
1544835838,33.61993,-84.51089,20.81
1544835839,33.61993,-84.51015,20.69
1544835840,33.61992,-84.5094,20.56
1544835841,33.61992,-84.50866,20.38
1544835842,33.61982,-84.50785,20.38
1544835843,33.61985,-84.50707,20.25
1544835844,33.61982,-84.50606,20.06
1544835845,33.6201,-84.50411,20
1544835846,33.6201,-84.50341,19.94
1544835847,33.62007,-84.50258,19.81
1544835848,33.62004,-84.50195,19.81
1544835849,33.62003,-84.50114,19.69
1544835850,33.62005,-84.50043,19.44
1544835851,33.62004,-84.49979,19.31
1544835852,33.62005,-84.49906,19.19
1544835853,33.62011,-84.49832,18.94
1544835854,33.62009,-84.49753,18.81
1544835855,33.6201,-84.49675,18.69
1544835856,33.62016,-84.49592,18.63
1544835857,33.62018,-84.49515,18.56
1544835858,33.62022,-84.49439,18.5
1544835859,33.62019,-84.4936,18.38
1544835860,33.62012,-84.49293,18.31
1544835861,33.62011,-84.49208,18.19
1544835862,33.62009,-84.49128,17.88
1544835863,33.62008,-84.4905,17.63
1544835864,33.62017,-84.48979,17.44
1544835865,33.62016,-84.48908,17.38
1544835866,33.6201,-84.48822,17.38
1544835867,33.62012,-84.48743,17.38
1544835868,33.62015,-84.48667,17.25
1544835869,33.62017,-84.48589,17
1544835870,33.62015,-84.48516,16.81
1544835871,33.62021,-84.48438,16.69
1544835872,33.62022,-84.48359,16.63
1544835873,33.62019,-84.48283,16.38
1544835874,33.62017,-84.48208,16.38
1544835875,33.62016,-84.4814,16.25
1544835876,33.62017,-84.48054,16.13
1544835877,33.62021,-84.47973,16
1544835878,33.6202,-84.47891,15.81
1544835879,33.62023,-84.47815,15.63
1544835880,33.62025,-84.47728,15.56
1544835881,33.62018,-84.47647,15.38
1544835882,33.62022,-84.47573,15.31
1544835883,33.62013,-84.47497,15.25
1544835884,33.62019,-84.47414,15.13
1544835885,33.62017,-84.47336,14.94
1544835886,33.62017,-84.4726,14.63
1544835887,33.62022,-84.47182,14.5
1544835888,33.62023,-84.47106,14.5
1544835889,33.62019,-84.47017,14.31
1544835890,33.62016,-84.46942,14.31
1544835891,33.62014,-84.46865,14.25
1544835892,33.62012,-84.46792,14.19
1544835893,33.62012,-84.4672,14
1544835894,33.62015,-84.46638,13.88
1544835895,33.62024,-84.46545,13.63
1544835896,33.62029,-84.46464,13.56
1544835897,33.62026,-84.46391,13.44
1544835898,33.62022,-84.46313,13.31
1544835899,33.62025,-84.46222,13.06
1544835900,33.62026,-84.4614,13
1544835901,33.62023,-84.46064,12.88
1544835902,33.62019,-84.4599,12.81
1544835903,33.62022,-84.45909,12.63
1544835904,33.62023,-84.45826,12.56
1544835905,33.6202,-84.45748,12.44
1544835906,33.62016,-84.45662,12.38
1544835907,33.62019,-84.45585,12.06
1544835908,33.62022,-84.45509,11.94
1544835909,33.62017,-84.45434,11.81
1544835910,33.62016,-84.4535,11.69
1544835911,33.62021,-84.45269,11.56
1544835912,33.6202,-84.4519,11.44
1544835913,33.62025,-84.45107,11.31
1544835914,33.62022,-84.45024,11.13
1544835915,33.62027,-84.44948,10.88
1544835916,33.62029,-84.44865,10.81
1544835917,33.62031,-84.44785,10.63
1544835918,33.62031,-84.44702,10.44
1544835919,33.62031,-84.44625,10.38
1544835920,33.62026,-84.44542,10.25
1544835921,33.62023,-84.4446,10.13
1544835922,33.62025,-84.44382,10
1544835923,33.62025,-84.44303,9.94
1544835924,33.62027,-84.44222,10
1544835925,33.62028,-84.4414,10.06
1544835926,33.62026,-84.44064,10.06
1544835927,33.62027,-84.43994,10.06
1544835928,33.62028,-84.43921,10.06
1544835929,33.62027,-84.43855,10.06
1544835930,33.6203,-84.4379,10
1544835931,33.62027,-84.43728,10
1544835932,33.62032,-84.43669,9.94
1544835933,33.62029,-84.43609,10
1544835934,33.62029,-84.43554,10
1544835935,33.62028,-84.43499,10
1544835936,33.62027,-84.43448,9.94
1544835937,33.62027,-84.43401,10.06
1544835938,33.62022,-84.43352,10.13
1544835939,33.62028,-84.4331,10.13
1544835940,33.62025,-84.43265,10.06
1544835941,33.62023,-84.43226,10.06
1544835942,33.62024,-84.43187,10.06
1544835943,33.62025,-84.43152,10.06
1544835944,33.62026,-84.43117,10
1544835945,33.62024,-84.43084,10.06
1544835946,33.62028,-84.43048,10.06
1544835947,33.62029,-84.43015,10.06
1544835948,33.62027,-84.4298,10.06
1544835949,33.62027,-84.42947,10.06
1544835950,33.62031,-84.42914,10.06
1544835951,33.62031,-84.42886,10.06
1544835952,33.6203,-84.42857,10.06
1544835953,33.62027,-84.42827,10.06
1544835954,33.62027,-84.428,10.06
1544835955,33.62028,-84.42772,10.06
1544835956,33.62026,-84.42744,10.06
1544835957,33.62029,-84.42718,10.06
1544835958,33.6203,-84.42695,10.06
1544835959,33.62029,-84.42671,10.06
1544835960,33.62032,-84.42648,10.06
1544835961,33.62032,-84.42626,10.06
1544835962,33.62038,-84.42603,10.06
1544835963,33.62041,-84.42582,10.06
1544835964,33.62045,-84.4256,10.06
1544835965,33.62049,-84.4254,10.06
1544835966,33.62054,-84.42523,10.06
1544835967,33.6206,-84.42504,10.06
1544835968,33.62065,-84.42486,10.06
1544835969,33.6207,-84.42469,10.06
1544835970,33.62077,-84.42454,10.06
1544835971,33.62084,-84.4244,10.06
1544835972,33.62092,-84.42425,10.06
1544835973,33.62104,-84.4241,10.06
1544835974,33.62112,-84.42396,10.06
1544835975,33.62117,-84.42384,10.06
1544835976,33.62123,-84.42376,10.06
1544835977,33.6213,-84.42369,10.06
1544835978,33.62134,-84.42362,10.06
1544835979,33.62144,-84.42362,10.06
1544835980,33.62151,-84.4236,10.06
1544835981,33.6216,-84.4236,10.06
1544835982,33.62171,-84.4236,10.06
1544835983,33.6218,-84.42359,10.06
1544835984,33.62185,-84.42366,10.06
1544835985,33.62191,-84.42371,10.06
1544835986,33.62197,-84.42378,10.06
1544835987,33.622,-84.42383,10.06
1544835988,33.62203,-84.42391,10.06
1544835989,33.62203,-84.42397,10.06
1544835990,33.62206,-84.42403,10.06
1544835991,33.62209,-84.42411,10.06
1544835992,33.62209,-84.42419,10.06
1544835993,33.62209,-84.42424,10.06
1544835994,33.62207,-84.42432,10.06
1544835995,33.62205,-84.4244,10.06
1544835996,33.62203,-84.42445,10.06
1544835997,33.62201,-84.42451,10.06
1544835998,33.62197,-84.42461,10.06
1544835999,33.62192,-84.4247,10.06
1544836000,33.6219,-84.42481,10.06
1544836001,33.62188,-84.42489,10.06
1544836002,33.62183,-84.425,10.06
1544836003,33.62181,-84.42508,10.06
1544836004,33.62179,-84.42518,10.06
1544836005,33.62175,-84.42531,10.06
1544836006,33.62173,-84.42539,10.06
1544836007,33.62173,-84.42549,10.06
1544836008,33.62171,-84.42559,10.06
1544836009,33.62168,-84.42572,10.06
1544836010,33.62167,-84.42583,10.06
1544836011,33.62166,-84.42598,10.06
1544836012,33.62166,-84.42611,10.06
1544836013,33.62168,-84.42624,10.06
1544836014,33.62167,-84.42636,10.06
1544836015,33.62167,-84.4265,10.06
1544836016,33.62175,-84.42661,10.06
1544836017,33.62178,-84.42675,10.06
1544836018,33.62177,-84.42687,10.06
1544836019,33.62178,-84.42698,10.06
1544836020,33.62178,-84.42711,10.06
1544836021,33.62179,-84.42725,10.06
1544836022,33.62182,-84.42737,10.06
1544836023,33.62185,-84.42748,10.06
1544836024,33.62186,-84.42762,10.06
1544836025,33.62189,-84.42774,10.06
1544836026,33.62189,-84.42786,10.06
1544836027,33.62191,-84.42798,10.06
1544836028,33.62196,-84.4281,10.06
1544836029,33.62199,-84.42824,10.06
1544836030,33.62199,-84.42841,10.06
1544836031,33.62202,-84.42857,10.06
1544836032,33.62203,-84.42872,10.06
1544836033,33.62205,-84.42888,10.06
1544836034,33.62205,-84.42903,10.06
1544836035,33.62208,-84.4292,10.06
1544836036,33.62209,-84.42935,10.06
1544836037,33.62211,-84.42949,10.06
1544836038,33.62211,-84.42965,10.06
1544836039,33.62213,-84.4298,10.06
1544836040,33.62214,-84.42994,10.06
1544836041,33.62213,-84.4301,10.06
1544836042,33.62213,-84.43025,10.06
1544836043,33.62213,-84.43039,10.06
1544836044,33.62211,-84.43052,10.06
1544836045,33.62213,-84.43066,10.06
1544836046,33.62212,-84.43081,10.06
1544836047,33.62213,-84.431,10.06
1544836048,33.62214,-84.43113,10.06
1544836049,33.62213,-84.43129,10.06
1544836050,33.62213,-84.43143,10.06
1544836051,33.62211,-84.43159,10.06
1544836052,33.6221,-84.43172,10.06
1544836053,33.62209,-84.43189,10.06
1544836054,33.62208,-84.432,10.06
1544836055,33.62209,-84.43209,10.06
1544836056,33.62213,-84.43221,10.06
1544836057,33.62212,-84.43234,10.06
1544836058,33.62211,-84.43244,10.06
1544836059,33.62212,-84.43251,10.06
1544836060,33.62213,-84.43267,10.06
1544836061,33.62217,-84.43277,10.06
1544836062,33.62226,-84.43283,10.06
1544836063,33.62229,-84.43291,10.06
1544836064,33.62236,-84.43299,10.06
1544836065,33.62242,-84.43306,10.06
1544836066,33.62255,-84.43305,10.06
1544836067,33.62264,-84.43309,10.06
1544836068,33.62278,-84.4331,10.06
1544836069,33.62288,-84.43309,10.06
1544836070,33.62292,-84.4331,10.06
1544836071,33.62303,-84.4331,10.06
1544836072,33.62311,-84.43305,10.06
1544836073,33.62319,-84.43308,10.06
1544836074,33.62329,-84.4331,10.06
1544836075,33.62339,-84.4331,10.06
1544836076,33.62349,-84.4331,10.06
1544836077,33.62358,-84.4331,10.06
1544836078,33.62368,-84.43311,10.06
1544836079,33.62379,-84.43309,10.06
1544836080,33.62388,-84.4331,10.06
1544836081,33.624,-84.43308,10.06
1544836082,33.62411,-84.43306,10.06
1544836083,33.62421,-84.43306,10.06
1544836084,33.62432,-84.43305,10.06
1544836085,33.62444,-84.43307,10.06
1544836086,33.62455,-84.43307,10.06
1544836087,33.62469,-84.43306,10.06
1544836088,33.62481,-84.43306,10.06
1544836089,33.62495,-84.43309,10.06
1544836090,33.62508,-84.43311,10.06
1544836091,33.62522,-84.43309,10.06
1544836092,33.62536,-84.43307,10.06
1544836093,33.62546,-84.43308,10.06
1544836094,33.62558,-84.43311,10.06
1544836095,33.62571,-84.43308,10.06
1544836096,33.62585,-84.4331,10.06
1544836097,33.62598,-84.4331,10.06
1544836098,33.62611,-84.43311,10.06
1544836099,33.62626,-84.43313,10.06
1544836100,33.62638,-84.43312,10.06
1544836101,33.62655,-84.43309,10.06
1544836102,33.62668,-84.43309,10.06
1544836103,33.62679,-84.43306,10.06
1544836104,33.62696,-84.43306,10.06
1544836105,33.62708,-84.43308,10.06
1544836106,33.6272,-84.43305,10.06
1544836107,33.62734,-84.43306,10.06
1544836108,33.62746,-84.43307,10.06
1544836109,33.62759,-84.43307,10.06
1544836110,33.62771,-84.43309,10.06
1544836111,33.62784,-84.43311,10.06
1544836112,33.62794,-84.43311,10.06
1544836113,33.62804,-84.43308,10.06
1544836114,33.62817,-84.43307,10.06
1544836115,33.62824,-84.43304,10.06
1544836116,33.6283,-84.43307,10.06
1544836117,33.62845,-84.4331,10.06
1544836118,33.62854,-84.43309,10.06
1544836119,33.6287,-84.43307,10.06
1544836120,33.62878,-84.43308,10.06
1544836121,33.62886,-84.43308,10.06
1544836122,33.62894,-84.43309,10.06
1544836123,33.62899,-84.43308,10.06
1544836124,33.62903,-84.43307,10.06
1544836125,33.62908,-84.43304,10.06
1544836126,33.62913,-84.43308,10.06
1544836127,33.62915,-84.43309,10.06
1544836128,33.6292,-84.4331,10.06
1544836129,33.62924,-84.43308,10.06
1544836130,33.6293,-84.43308,10.06
1544836131,33.62934,-84.43309,10.06
1544836132,33.6294,-84.43309,10.06
1544836133,33.62946,-84.4331,10.06
1544836134,33.62949,-84.43309,10.06
1544836135,33.62953,-84.43306,10.06
1544836136,33.62956,-84.43308,10.06
1544836137,33.62958,-84.43309,10.06
1544836138,33.62965,-84.43308,10.06
1544836139,33.62968,-84.43308,10.06
1544836140,33.62971,-84.43307,10.06
1544836141,33.62976,-84.43307,10.06
1544836142,33.62983,-84.43305,10.06
1544836143,33.62984,-84.43307,10.06
1544836144,33.62984,-84.43307,10.06
1544836145,33.62989,-84.43308,10.06
1544836146,33.6299,-84.43307,10.06
1544836147,33.62995,-84.43305,10.06
1544836148,33.62998,-84.4331,10.06
1544836149,33.63003,-84.43309,10.06
1544836150,33.63003,-84.43309,10.06
1544836151,33.63006,-84.43306,10.06
1544836152,33.6301,-84.43307,10.06
1544836153,33.63014,-84.43308,10.06
1544836154,33.63018,-84.43309,10.06
1544836155,33.63019,-84.43308,10.06
1544836156,33.63024,-84.43308,10.06
1544836157,33.63027,-84.43309,10.06
1544836158,33.63031,-84.43307,10.06
1544836159,33.63035,-84.43308,10.06
1544836160,33.63039,-84.43308,10.06
1544836161,33.63042,-84.43308,10.06
1544836162,33.63047,-84.43308,10.06
1544836163,33.63048,-84.43306,10.06
1544836164,33.63052,-84.43308,10.06
1544836165,33.63054,-84.43308,10.06
1544836166,33.63059,-84.43306,10.06
1544836167,33.63062,-84.43307,10.06
1544836168,33.63066,-84.43303,10.06
1544836170,33.63066,-84.43293,10.06
1544836171,33.63067,-84.43288,10.06
1544836172,33.63066,-84.43286,10.06
1544836174,33.63068,-84.43281,10.06
1544836175,33.6307,-84.43278,10.06
1544836176,33.63071,-84.43276,10.06
1544836177,33.63071,-84.43273,10.06
1544836178,33.63071,-84.43271,10.06
1544836179,33.6307,-84.4327,10.06
1544836180,33.63071,-84.43266,10.06
1544836181,33.63072,-84.43265,10.06
1544836182,33.63072,-84.43262,10.06
1544836183,33.63071,-84.43261,10.06
1544836286,33.63071,-84.43259,10.06
1544836287,33.63072,-84.43256,10.06
1544836288,33.63072,-84.43255,10.06
1544836289,33.63073,-84.43251,10.06
1544836290,33.63071,-84.43247,10.06
1544836291,33.63071,-84.43244,10.06
1544836292,33.63069,-84.4324,10.06
1544836293,33.63071,-84.43238,10.06
1544836294,33.63068,-84.4323,10.06
1544836295,33.63069,-84.43225,10.06
1544836296,33.63069,-84.43221,10.06
1544836297,33.63073,-84.43214,10.06
1544836298,33.63076,-84.43207,10.06
1544836299,33.63075,-84.43202,10.06
1544836300,33.63079,-84.43195,10.06
1544836301,33.63084,-84.43196,10.06
1544836302,33.63087,-84.43193,10.06
1544836303,33.63094,-84.43188,10.06
1544836304,33.63103,-84.43184,10.06
1544836305,33.63107,-84.43182,10.06
1544836306,33.63109,-84.43182,10.06
1544836307,33.63114,-84.43181,10.06
1544836308,33.6312,-84.43181,10.06
1544836309,33.63127,-84.43182,10.06
1544836310,33.63133,-84.43184,10.06
1544836311,33.63139,-84.43182,10.06
1544836312,33.63144,-84.43185,10.06
1544836313,33.63148,-84.43183,10.06
1544836314,33.63154,-84.43186,10.06
1544836315,33.63161,-84.43186,10.06
1544836316,33.63167,-84.43184,10.06
1544836317,33.63173,-84.43184,10.06
1544836318,33.63181,-84.4318,10.06
1544836319,33.63188,-84.4318,10.06
1544836320,33.63197,-84.43179,10.06
1544836321,33.63205,-84.43178,10.06
1544836322,33.6321,-84.43178,10.06
1544836323,33.63216,-84.43171,10.06
1544836324,33.63224,-84.43165,10.06
1544836325,33.6323,-84.4316,10.06
1544836326,33.63231,-84.43153,10.06
1544836327,33.63235,-84.43147,10.06
1544836328,33.63239,-84.43137,10.06
1544836329,33.63245,-84.43129,10.06
1544836330,33.63249,-84.43126,10.06
1544836331,33.63251,-84.43117,10.06
1544836332,33.63255,-84.43108,10.06
1544836333,33.63258,-84.43101,10.06
1544836334,33.63265,-84.43093,10.06
1544836335,33.63268,-84.43084,10.06
1544836336,33.63271,-84.4308,10.06
1544836337,33.63274,-84.4307,10.06
1544836338,33.63279,-84.43062,10.06
1544836339,33.63283,-84.43055,10.06
1544836340,33.63287,-84.43044,10.06
1544836341,33.6329,-84.43036,10.06
1544836342,33.63294,-84.43028,10.06
1544836343,33.633,-84.4302,10.06
1544836344,33.63304,-84.43011,10.06
1544836345,33.63308,-84.43004,10.06
1544836346,33.63314,-84.42994,10.06
1544836347,33.63319,-84.42984,10.06
1544836348,33.63321,-84.4297,10.06
1544836349,33.63324,-84.42961,10.06
1544836350,33.63328,-84.4295,10.06
1544836351,33.63334,-84.42944,10.06
1544836352,33.63338,-84.42936,10.06
1544836353,33.63342,-84.42926,10.06
1544836354,33.63348,-84.42915,10.06
1544836355,33.63355,-84.42907,10.06
1544836356,33.63357,-84.42897,10.06
1544836357,33.63364,-84.42889,10.06
1544836358,33.63369,-84.42883,10.06
1544836359,33.6337,-84.42876,10.06
1544836360,33.63376,-84.42869,10.06
1544836361,33.63382,-84.42863,10.06
1544836362,33.63387,-84.42857,10.06
1544836363,33.63394,-84.42852,10.06
1544836364,33.634,-84.42848,10.06
1544836365,33.63404,-84.42847,10.06
1544836366,33.6341,-84.42846,10.06
1544836367,33.63419,-84.42845,10.06
1544836368,33.63427,-84.42842,10.06
1544836369,33.63436,-84.42842,10.06
1544836370,33.63446,-84.42844,10.06
1544836371,33.63454,-84.42844,10.06
1544836372,33.63459,-84.42842,10.06
1544836373,33.63464,-84.42842,10.06
1544836374,33.6347,-84.42842,10.06
1544836375,33.63478,-84.42842,10.06
1544836376,33.63483,-84.42844,10.06
1544836377,33.63489,-84.42844,10.06
1544836378,33.63496,-84.42844,10.06
1544836379,33.63504,-84.42844,10.06
1544836380,33.63511,-84.42844,10.06
1544836381,33.63515,-84.42844,10.06
1544836382,33.63524,-84.42843,10.06
1544836383,33.63531,-84.42844,10.06
1544836384,33.63537,-84.42843,10.06
1544836385,33.63546,-84.42846,10.06
1544836386,33.63551,-84.42847,10.06
1544836387,33.6356,-84.42849,10.06
1544836388,33.63564,-84.4285,10.06
1544836389,33.63572,-84.42856,10.06
1544836390,33.63574,-84.42861,10.06
1544836391,33.63577,-84.42871,10.06
1544836392,33.63579,-84.42876,10.06
1544836393,33.63579,-84.42884,10.06
1544836394,33.6358,-84.42892,10.06
1544836395,33.63583,-84.42899,10.06
1544836396,33.63583,-84.42906,10.06
1544836397,33.63581,-84.42913,10.06
1544836398,33.63582,-84.42921,10.06
1544836399,33.6358,-84.42928,10.06
1544836400,33.63581,-84.42934,10.06
1544836401,33.63581,-84.42941,10.06
1544836402,33.63581,-84.42949,10.06
1544836403,33.6358,-84.42957,10.06
1544836404,33.63582,-84.42962,10.06
1544836405,33.63582,-84.4297,10.06
1544836406,33.63583,-84.42977,10.06
1544836407,33.63583,-84.42983,10.06
1544836408,33.63581,-84.4299,10.06
1544836409,33.63579,-84.42995,10.06
1544836410,33.6358,-84.43001,10.06
1544836411,33.63581,-84.43011,10.06
1544836412,33.63582,-84.43018,10.06
1544836413,33.6358,-84.43026,10.06
1544836414,33.6358,-84.43034,10.06
1544836415,33.63583,-84.43041,10.06
1544836416,33.63584,-84.4305,10.06
1544836417,33.63585,-84.43056,10.06
1544836418,33.63586,-84.4306,10.06
1544836419,33.6359,-84.43066,10.06
1544836420,33.63592,-84.43072,10.06
1544836421,33.63598,-84.43078,10.06
1544836422,33.63603,-84.43083,10.06
1544836423,33.6361,-84.43088,10.06
1544836424,33.63618,-84.43092,10.06
1544836425,33.63624,-84.4309,10.06
1544836426,33.63633,-84.43091,10.06
1544836427,33.63639,-84.43094,10.06
1544836428,33.63647,-84.43096,10.06
1544836429,33.63656,-84.43099,10.06
1544836430,33.63661,-84.43101,10.06
1544836431,33.63666,-84.43103,10.06
1544836432,33.63672,-84.43104,10.06
1544836433,33.63678,-84.43104,10.06
1544836434,33.63686,-84.43107,10.06
1544836435,33.63693,-84.4311,10.06
1544836436,33.63698,-84.43112,10.06
1544836437,33.63706,-84.43113,10.06
1544836438,33.63715,-84.43116,10.06
1544836439,33.63721,-84.43117,10.06
1544836440,33.63729,-84.43119,10.06
1544836441,33.63737,-84.43121,10.06
1544836442,33.63746,-84.43123,10.06
1544836443,33.63753,-84.43124,10.06
1544836444,33.63764,-84.43125,10.06
1544836445,33.63769,-84.43125,10.06
1544836446,33.63778,-84.43124,10.06
1544836447,33.63785,-84.43126,10.06
1544836448,33.63795,-84.43126,10.06
1544836449,33.63806,-84.43127,10.06
1544836450,33.63816,-84.43127,10.06
1544836451,33.63825,-84.43128,10.06
1544836452,33.63831,-84.43127,10.06
1544836453,33.6384,-84.43127,10.06
1544836454,33.63848,-84.43127,10.06
1544836455,33.63856,-84.43127,10.06
1544836456,33.63863,-84.43126,10.06
1544836457,33.63873,-84.43125,10.06
1544836458,33.63878,-84.43128,10.06
1544836459,33.63888,-84.43125,10.06
1544836460,33.63899,-84.43123,10.06
1544836461,33.63905,-84.43121,10.06
1544836462,33.63911,-84.4312,10.06
